"0","tamaramorrison@hotmail.com","pbkdf2:sha256:260000$gUEbb26furhxNPiQ$84cb10ffe2ceb01e673b1e5c97c32dff72b467f32706d6b128f666aa9035c16e","Gary","Cross","1840.3105630466443"
"1","martha10@hotmail.com","pbkdf2:sha256:260000$w2rv4IpYuL2zRuND$870d3b06e4ffe1b743cc4a6d437376c9445a6bd4559518b17b7ea47a50c010ca","Denise","Thornton","4748.077998524592"
"2","deborah64@gmail.com","pbkdf2:sha256:260000$qnRBuOC5SGI8hCay$a5f76b6750e8c01ebb5673207dca61858b9228aaf4afa85915f14688f752c765","Jeanne","Green","9954.942673851174"
"3","franklinjames@yahoo.com","pbkdf2:sha256:260000$yCfoKYeCMUsiUUB8$75ec6b68745b2634ee344108111bb3b9a62dda851f5e8329fa4c45052109d0de","John","Hoffman","3735.5916957717504"
"4","samanthasims@yahoo.com","pbkdf2:sha256:260000$i7TrHlF45xdGYxrz$28775e0ba07bf91def8095de96eb10fc9090e2ec84ad49eb63587275e7bb9e87","Timothy","Parker","3637.609827326892"
"5","taguilar@hotmail.com","pbkdf2:sha256:260000$wpuM32tWxPzVFWhb$7195ce693b5df6d1c5be55acdc99a3e32e066eac4abeddffb9d7c9ec9a77df52","Linda","Freeman","4860.007182236659"
"6","georgedavid@yahoo.com","pbkdf2:sha256:260000$9VixO8K4hlrVqvrS$7137ac4cabc31238eaf05d51ff62068f45a8d004868f9890df59be9fe8029b53","Sandra","Brown","869.8909652581066"
"7","chad50@yahoo.com","pbkdf2:sha256:260000$QSctU0tUUGQsT2YL$acb12af40f451a4788964e72fcfad3d4ed823e148a8b1f06da3a84f2a66b5dba","Paula","Wilkerson","7894.353028622028"
"8","jyang@hotmail.com","pbkdf2:sha256:260000$CQqzM2Z1pOwAjunN$7a2e490937b18eff02d2c2e3c813481e0f382dcf16d3efcfc71dc19623700747","Willie","Garcia","7054.717680560688"
"9","bramirez@gmail.com","pbkdf2:sha256:260000$o2gfT2QxHZkCevqa$6e2565ae1c796e42e4283c7e9718f812cce25a8a6a79e9f7ebeee779d6272584","Michael","Montgomery","1056.607215199684"
"10","kellypeter@gmail.com","pbkdf2:sha256:260000$ROCFAV2KRH328Xjg$1968e94a794f08b6ece66768f94e29483e57f2f20eb772321b8b97d90f0b2dc5","Melissa","James","9074.761813555586"
"11","tarasanders@gmail.com","pbkdf2:sha256:260000$OQbFJyPEJU8mDYcY$e45b4897d8ec6998828c6f93f130650c404d409e382b5da30ae645970191d5c3","Lisa","Bush","1088.9695782221575"
"12","virginia18@yahoo.com","pbkdf2:sha256:260000$OBI4GWOwaGqJdu3a$e9c79dc116e913a27b90b88a3e1f9a2e68cfec71f927aab999edb7f23c14681b","Bruce","Miller","978.9148876769626"
"13","jensenanthony@hotmail.com","pbkdf2:sha256:260000$oJzw9iLMX4O8yWyB$6f6f7be3fa8dd142663abaf8f42d1f9480a769242a7cbe5b9383a8fe40e8d067","Mark","Burnett","8107.963520660978"
"14","kmalone@gmail.com","pbkdf2:sha256:260000$eGkARu6x1WEVx8wa$1a91f55d55e1fa3e0978e706de2b35390f819c13e8e5f56017654a96d21b5655","Courtney","Valdez","7546.029119399317"
"15","kingerin@hotmail.com","pbkdf2:sha256:260000$zMcJNORNmUdbBmL3$2b45f71a86299b23e3e52e4f534e9c88b77d351a95a31d6e2826a6602d3921d1","Henry","Moss","1847.7897172757196"
"16","meganbrady@gmail.com","pbkdf2:sha256:260000$ajUTntgQhNuRtBZC$76889eb46513f87d7483d710177450e7ccc3761d6f526f0ce52369edcd5ce326","Amy","Fowler","2700.993509038655"
"17","kgomez@gmail.com","pbkdf2:sha256:260000$3NR5gG7RkAtPXtRD$dfa894f3eca90296fa12a84ca361fcd7d1ee3871975bba17c76293f626f7aa55","Tammy","Reilly","7485.323018903762"
"18","thomaspeters@hotmail.com","pbkdf2:sha256:260000$O8BbIPOMr52ID5TL$07ce66abef1479148ac5325cb79d6e549d5edb4c90de8f8866e36f37870f9db9","Robin","Harris","3087.056886380469"
"19","susan06@yahoo.com","pbkdf2:sha256:260000$XfLluyzdtCAQevFJ$2c7aa89d211e076da4b18548e134594fecef39d53bcc5a5faa948e7a8fb61020","Jared","Vaughn","2848.911878651071"
"20","william86@gmail.com","pbkdf2:sha256:260000$ZiRx6cIHp4qpj4cw$1b4f46491653da8b85b562427620e85a20da2ffe54f21d482c0edb14ebc94672","Lauren","Mcdaniel","8125.774101092547"
"21","michaelanderson@hotmail.com","pbkdf2:sha256:260000$wv77ZO18hf1eg1aQ$80c85b3a305dc7757a25fafa1d1088ce3f6c38516e61292fd9d709ef625a5ac9","Brian","Richardson","36.00818716630316"
"22","deleonwilliam@gmail.com","pbkdf2:sha256:260000$zh9OfAxQxt9pNOd5$4965ebd318475c9cdd168d23b3a737e105b9fabd97600487c1fee97859e5fe4b","Maria","Harris","3987.028245597862"
"23","joshua07@yahoo.com","pbkdf2:sha256:260000$3PFYA0gD1PjqUOv3$5aadc09450fec56fcf89c2881ee5fc6a2c865005edcb72907927fd5113961e11","Heather","Davis","8806.55284284839"
"24","leonardsutton@gmail.com","pbkdf2:sha256:260000$usoPRSIlzKVqm6qu$de76b37427e17dbef21f5f6a2acaaa41a08a8dd1ee7276443ca31650050492c6","Patrick","Spears","585.2355902069162"
"25","hromero@hotmail.com","pbkdf2:sha256:260000$3MffLHhxrw0BlzTT$f50fbbfa8a1d3cf7da08c2d97e6f309b83a2adbae3b07832acfe66733d310a83","Debra","Aguilar","1893.578731871851"
"26","angela30@gmail.com","pbkdf2:sha256:260000$KKCssZGrq9SCqTRI$93a3c1b6d5fdc20d4fb59812d793de628469111f352066f739bfa01c83639bbf","Cody","Crawford","1641.5434375279026"
"27","ygraham@hotmail.com","pbkdf2:sha256:260000$b9tIytqBSxaERbC0$7dcd27cf8c8cbe50974720bad8b8b761841a316d1b341d25669ade80dd673168","Cynthia","Faulkner","1108.811062625079"
"28","millerlori@yahoo.com","pbkdf2:sha256:260000$W1bQVHRIV1wmPOaE$5a76220f633187df15e37d5d49fd1ca0a9c21f8b3ea1f45c6b116d67f3ec97ae","Kelly","Casey","2047.1650515881136"
"29","pmartinez@yahoo.com","pbkdf2:sha256:260000$YeM5DzAJIu7WNBSs$754cad0b84ada7ccc4668c4ddaee51454ed42671f4ba2c8bf58e90e6f41a1d2e","Thomas","Patel","4117.494428233448"
"30","stafforderic@gmail.com","pbkdf2:sha256:260000$NYSmeiL4l6o3FeQm$ecafd68a76080c232b95e7e401fc484ea722ca35052b9eeaaadf402d5eadaf2e","Johnny","Martinez","1031.9393754958928"
"31","smithsabrina@gmail.com","pbkdf2:sha256:260000$lcQQbaRwRKhZIfWD$e6bb0c0da546a21bf9c813acc6060e24757b3642c7aa7597617e928556935ca7","David","Turner","3636.005806757324"
"32","rmiranda@hotmail.com","pbkdf2:sha256:260000$2CztFlqaHSty27FE$dc3c9091c3256dd525b565b07a342c0a1aa744196fd05cb734db13cc7d774d33","Evelyn","Hendricks","8139.838670177822"
"33","millersamuel@yahoo.com","pbkdf2:sha256:260000$va0gueCpj4ZlV5Jo$4c0ed0551c2a67cb9e8e71936fddb71a7325de36630b8e60d7e661cc33918984","Paula","Walter","1843.9323853941846"
"34","cherylstewart@yahoo.com","pbkdf2:sha256:260000$BSt0KvzdUfSsqfmR$90b031b42a33582ff31b34577fd592c91d835eeb7433440461978cb223b04ee0","Derrick","Webb","5119.438679651481"
"35","santanajimmy@gmail.com","pbkdf2:sha256:260000$MQDqfPxgZHahKu0v$e1b39b2427a0614572d7c7100b8cc4e5edffd4b9eb34bb28dcc24cdca7a92c6c","Patrick","Graves","2380.760550594664"
"36","stephenbeck@yahoo.com","pbkdf2:sha256:260000$xn5cK0MrmPYg6NEo$1bb5ad44a711e1a0c2e543559d7f8f0e1f0d9fe9cf23f5a431aed40aa17693b1","Leah","Bell","6971.874310974594"
"37","palmercassandra@hotmail.com","pbkdf2:sha256:260000$QCAMtPhA40W4SNFt$276f27067f16d442cdb764644b2d8060d019454708771cb09c7de0b78899cf2a","Dalton","Fritz","5527.658160605524"
"38","alisongreer@yahoo.com","pbkdf2:sha256:260000$OhE0TQyAOoytnn52$bebd5cca0004b82c9e13fcd04c03556a475f2ee0dc073806cc867d8e8c682917","Madeline","Stevenson","9523.900694528325"
"39","jasondavis@hotmail.com","pbkdf2:sha256:260000$zwJY69GkGTSQi0cd$b6465f1fde51121d63fb05b26bd1fae5fa333501970ffde63083d8a22352a355","Valerie","Charles","7339.939952452871"
"40","markchan@gmail.com","pbkdf2:sha256:260000$cizoTntlj0kRrARS$464bba9eec885c860df35ec954d27fc93777aa58ba1088a44216b3ea30807c31","James","Scott","3743.95395332754"
"41","castroallen@gmail.com","pbkdf2:sha256:260000$6s0gfWmaAo0oH9OQ$8540ce3091851291030a2b9f6c064129aabedc9496acab0e3f1a36f4b524a29b","Jennifer","Garcia","9524.385904893885"
"42","caleb01@yahoo.com","pbkdf2:sha256:260000$CrNuCbzhlI6RZ9UC$eb63e092a9f7f7e8c3e25f4dab21a347d2efd438cbb4353b16487c80c91b747d","Keith","Jones","6268.023026984973"
"43","guerrerothomas@hotmail.com","pbkdf2:sha256:260000$W34BNbGErkYZajLz$72c8921376cc2b0576fc735f49e4c834812f588892d4aee9a36a8a03dff1512f","Lori","Moore","6453.053028283997"
"44","allison58@hotmail.com","pbkdf2:sha256:260000$je4o6o905XIS7Rgk$6d06fa70e2f97b6a3d48c8b76f49020d742b17764f8e22f16790da673015b1f6","Ariel","Freeman","6530.902141768984"
"45","jeremy24@yahoo.com","pbkdf2:sha256:260000$y6zSAG5NIp4UPG0S$81ea41304977e1fcedc236dfc3e5a81f1c452c888708207eb36e33ffd3dc4ca6","Randy","Bernard","6877.066178402388"
"46","johnny46@hotmail.com","pbkdf2:sha256:260000$Ym3d2keT79MovwTh$cf90c0260804c40c93b94d033d635a6b9bf7c11cf113795cebcd76322e53e0e1","Timothy","Kerr","1845.9520025098964"
"47","james07@yahoo.com","pbkdf2:sha256:260000$KKhQvvs48um3qFUN$0432ae506d3f1c428cc497eb00b3ba70e2c5cc4a910f59266eccc262ebe30bf5","William","Crawford","5642.103027672551"
"48","marquezpaula@hotmail.com","pbkdf2:sha256:260000$iGmg0w43FmHvwtxm$7112508d39c063b6791ea7e0f34bd9be254a7b84d924bccdd5859ad82a58a06c","Jonathan","Davis","8747.177430247271"
"49","josephmason@hotmail.com","pbkdf2:sha256:260000$CuarFcWdhDewwzsl$7feab3d832b5fcb2ddd346bf941cf938acb6920c8e679546136f8cc0fa8f6f73","Kathryn","Noble","8345.914419639295"
"50","richard56@yahoo.com","pbkdf2:sha256:260000$TXc5C55qDNl85xeC$46dc50f1bd09374012e13740542f39ca405d446e3ee641dc8ba650dbacbaf134","Daniel","Cortez","5191.403557967829"
"51","fosterbryan@yahoo.com","pbkdf2:sha256:260000$ycxzyj383lB54qPz$d3c445468e5841b3da19484ef3738651e78576bd6c52c8eb034a3519a710f03f","Kenneth","Boyd","3908.9360705670006"
"52","anthonyvincent@yahoo.com","pbkdf2:sha256:260000$XTsLCci35Zu6R0We$60c387e191f789218be191f34ade30bc154427475d6670ecf0d2d6b0f7e59713","Renee","Moore","9296.131838222507"
"53","sawyersamuel@yahoo.com","pbkdf2:sha256:260000$wWAPJqGID5TVMUEA$e65781b43fce50975c545dceacf16cc2324ac0707630586de64b0bfb8bba9a5f","Alyssa","Farley","9844.982810346883"
"54","gstone@yahoo.com","pbkdf2:sha256:260000$pexFrewBLxqOKenV$827dba449f1cbe3e7dfb958c1964dd6cf4579cef8189c8d0300cc7759a6ce6a5","Alexis","Williams","8414.412543186525"
"55","kevinflores@gmail.com","pbkdf2:sha256:260000$YgBgNYO2WzWirfJb$4ad1d6c857d46079cc13152b572304419d92e93407000369020bfb812e55ca71","Jasmine","Castro","1937.717154000096"
"56","gordon43@hotmail.com","pbkdf2:sha256:260000$Ht6IIf5nCuu5uTxN$72c6b919a295612387d0dc1eb9c286daa861dc77b20aae79b3277884699a45ec","Joseph","Williams","568.2647615247694"
"57","kennethwashington@gmail.com","pbkdf2:sha256:260000$aSjqjnGVzPE9AsCH$c35f0651076426e22868624d0bd3a869fa4dd3f74e68ddc0092b7a8d1a948378","Jennifer","Marsh","3164.3392216395973"
"58","hamiltonchristopher@gmail.com","pbkdf2:sha256:260000$ZboWmysBWl30g7vY$4c972c11571c8f7c908c08d5e54d515902b22302b66f7668f8ca54fcaad189f1","Anne","Michael","3691.7175110084167"
"59","nsmith@hotmail.com","pbkdf2:sha256:260000$Of1HpPGEkaqmSsOI$3161b12032b58952927972dc5e9bb910ed209b59c068f15fb048b71386142a38","Joshua","Duke","3779.7770215985506"
"60","jennaarnold@yahoo.com","pbkdf2:sha256:260000$6KTkLcpUqOiOOtc2$6cd90aaa1cb87fe134407d515464cb9cf836425c4ededbbd0ff8ad00b9d88891","Susan","Turner","8767.853950621213"
"61","scottzimmerman@hotmail.com","pbkdf2:sha256:260000$dwObD3bY04s9gyd0$fd96be5e911f5510fb4bd714297a1ad93ba9618c4d07b10958f1f32b2059ad2c","Julie","Dominguez","6024.451141274777"
"62","bonnie89@gmail.com","pbkdf2:sha256:260000$kG8RrksiBpENZ18d$fd48cb2d784edd69422dfe3a6302b52bcbcf45442024be2d9a7005881220c584","Dwayne","Osborne","8414.922439233185"
"63","cindy30@gmail.com","pbkdf2:sha256:260000$L9auipo2ajZuCpIW$c87e58c38fd5fbce380340adc22eb50cb87101f3d2a0b7d272d565af198092f9","Antonio","Thompson","3677.6918005213365"
"64","qhenderson@gmail.com","pbkdf2:sha256:260000$s52PLazEXtWpHS5K$cf74ff578851ff7d58b2042cdc4d907defb84c19d0990f5420e2f5cadfa70270","Yolanda","King","1557.1679143510696"
"65","nancyturner@hotmail.com","pbkdf2:sha256:260000$uIjQCN69Uou4fXiH$811828ca1a7d2ae37b640f96f58b0a31805183f6489c9deefacb420725741bd2","Richard","Woodward","5787.49603225319"
"66","bradley51@hotmail.com","pbkdf2:sha256:260000$Ovt7FulRI0JTWb6T$a710400797affa84d4059d2135607f2faf1ebe98b106094608f292c9325d470a","Jeremy","Costa","415.84747557668277"
"67","matthewpetersen@hotmail.com","pbkdf2:sha256:260000$Vce8wxohxJbjdasX$08fcfca667fb17c8416bdd1826447447b310da7f64292c881269b58276d1e23e","Robert","Dunn","1472.1719914510977"
"68","uhill@hotmail.com","pbkdf2:sha256:260000$PXk2V9QLDJsAg2Ra$747d8c360e7254d02326af4ecc572a91fcf353024b3084c394a6ca37815f6ddb","Tonya","Andersen","3558.866918557431"
"69","lisa79@yahoo.com","pbkdf2:sha256:260000$9YzZmqnBgxVxLLqU$b69572db2b913326f4e0a10e7b073e31326ccd7c1a3f10c8d40856d2fa87a37b","Stephen","Bernard","821.713744464031"
"70","richardsonjerry@yahoo.com","pbkdf2:sha256:260000$xJLmkLfqfaxXsNyj$b501bbeb046d34ed5f6552d9142b891482df582d872613eeb2d5e058e8bb935f","Amanda","Gonzalez","2783.0830652617756"
"71","jmcmahon@gmail.com","pbkdf2:sha256:260000$XTrcf2FY2Mfxpub9$836425826420e87d7877a1e8e2ed03bfc08f310b5dc9674f6669811230b2a727","Jimmy","Walker","8276.945667242213"
"72","wrightkaylee@hotmail.com","pbkdf2:sha256:260000$VCpG7hcxugdTKLvZ$9fd670821a8d2bf5821aeb7f0a660748e93ca0fa909a02005e87cd5529c6ad43","Austin","Holland","3315.6862693997236"
"73","danielbernard@gmail.com","pbkdf2:sha256:260000$1fJ6jNczyhIHFqI0$f7be2b0cafcbad576a683c0b7b605d9d78f3c58e5489f5cf6596bd0311865e15","Molly","Fuller","8673.05091988582"
"74","wbrown@gmail.com","pbkdf2:sha256:260000$VsslV8DmEDwsAxpX$8d76968066156f83a24025e1fe2a0495e107f53c567a70421fc5de5d640c0eb7","Doris","Kaiser","7368.294266507429"
"75","ofernandez@yahoo.com","pbkdf2:sha256:260000$06vhxEYhqnVUxgdq$7b8c6b104df6d746933e63a83fcd5eae6de7ef2297c1b163359ff5e8a8f27c05","Tyler","Curtis","3465.979933542206"
"76","conradthomas@yahoo.com","pbkdf2:sha256:260000$y3mZ7mw0StypaxEa$b8d3c61069307080627cdd0843feaab4a0a65b31c89feb54945fc6a20b9058f3","Angela","Tucker","1453.9478090648338"
"77","savannahsoto@hotmail.com","pbkdf2:sha256:260000$OfTN6yAnKUiwa2E6$09d437e109b1203f19d33806cc35a739f266b56d5434d57e89ddfcdbe07762bb","Robert","Gould","6585.400105620816"
"78","debra49@yahoo.com","pbkdf2:sha256:260000$fB7waMeoROUzDIII$69328331ce9a16657dca54bf675de91c1ebc261568bddefcb94893163be8727a","Cody","Morris","3117.7663880145146"
"79","edward63@gmail.com","pbkdf2:sha256:260000$YjIdTLu2cJj3Sa5t$288b633cdeede6f92a0701ee992c7672d3672b22650d10cbfc7175f1b0e513e5","Valerie","Jacobs","5624.075055195395"
"80","deborah77@gmail.com","pbkdf2:sha256:260000$Fa8FerZWKEnA2Ikr$36887fdde4e2b830cb40b560f9ee9bbe5fb8a10ed6a848e927daba8d4b084a4d","Deanna","Holt","6464.376159752797"
"81","opoole@hotmail.com","pbkdf2:sha256:260000$OkfsRmQY48Xl1J8j$fe70c717ce860acb962845404bd15bbf927ea9db827b647f58606f0871e2c708","Larry","Palmer","3111.367454318016"
"82","dwells@hotmail.com","pbkdf2:sha256:260000$JpKP4qXe34e7KBSv$d12b59a6d412b85e74fa2d1c65d87dbd49672e5a2e1434c0cabfc76c24c3998e","Kristina","Higgins","1288.951909332724"
"83","qstephenson@hotmail.com","pbkdf2:sha256:260000$lByT18nan9pFzoq5$9096f1a466f5341c82a47e49a9a7a1d2b2275623a16430caf876a444b61f838f","Shawn","Matthews","1770.6506589649496"
"84","jeffreysmith@gmail.com","pbkdf2:sha256:260000$zI9Q0wqzIisnTGtg$da19099c881290b04d3703ca9592a611ec3d7d142201910b7f0392d4d3e89a6d","Samantha","Parrish","1406.0029632443338"
"85","marydaniel@yahoo.com","pbkdf2:sha256:260000$uyufdp0Q4cd3HWfZ$d22f0b070c146fe45fdcc2075d52d1bf7845264872bb7039029f74d7133f001e","Tonya","Jacobs","2150.0079268703576"
"86","jerrybrooks@hotmail.com","pbkdf2:sha256:260000$c6BpB4o72cay6apF$8aa19b69395c4621009fe2b2696e7176b99844aa771acded148938459138b153","John","Beck","827.2719035133802"
"87","mcbridemary@gmail.com","pbkdf2:sha256:260000$ODabg1NNZo1EXW0q$863166a7ba6f40105a38757848e4c58698e6a4f04cd7c88e0c9b03dffaa9d513","Laurie","Underwood","170.76750193530498"
"88","ycolon@yahoo.com","pbkdf2:sha256:260000$CgcSw9jPZL2UpURw$ecfa2da3a5c3ac2587d87b27998529a3969d84394f6e88560bffb1d61a0bcea3","Linda","Orozco","4541.3566170420945"
"89","michael74@yahoo.com","pbkdf2:sha256:260000$jmvbNPs9y4A0WXXo$79e0afc1c69ff3c47b7c2a73a9e68bb2686ee27b9920535f6ea9929778b8fdfb","Kimberly","Park","9458.1835914687"
"90","dillonwest@yahoo.com","pbkdf2:sha256:260000$f6AQZikOdq09BRcV$47b4bc29f568365da95e55983c607a412fefd823c5b673548850bd650752fa39","Cynthia","Lyons","8004.771304261403"
"91","sarabender@hotmail.com","pbkdf2:sha256:260000$w5TFm0yMYa0DsSCj$e87a9bb68f4d58b15fb579b87a186261f6f3a634ea63b4d4bbb23cd92ed5a685","Daniel","Hall","7330.87348304334"
"92","jeremy83@hotmail.com","pbkdf2:sha256:260000$kqhD96cyiIXiToer$2ab7275f331e4e012b3ebd226cc599452703624cbe3d3dbc450f8896f1e17e04","Spencer","Duncan","9418.885503625348"
"93","jonathan73@yahoo.com","pbkdf2:sha256:260000$ImeiCLMOKAs5bLiU$282051c7e5cb9753a0f7f0d5e6e4e7b970d1899cfa2e1da20e0dc7bbfb12e510","Cheryl","Acosta","7524.520245110865"
"94","alexandramitchell@gmail.com","pbkdf2:sha256:260000$yl3pwDEcp6IMgJqs$4bc063d3d601fea46a11ac4c6eb096eff92607cf84b8b7223f1a88997dee83fc","Matthew","DDS","2324.031974179951"
"95","mathew17@hotmail.com","pbkdf2:sha256:260000$dWTGIzK0gEKaa3HH$803f8cd401b994cde0dda8c335e345802fc47e40f5e282bae049f5bd2a812a71","Angela","Peterson","5504.591074252753"
"96","pgriffin@yahoo.com","pbkdf2:sha256:260000$Y1nNbUKPSIXDYKrX$945b9dbef9dfb7f570194cbde8f9ae6b642f1d9a751bdc7a7eafa619520b16ab","Adrienne","Friedman","1324.9550885955896"
"97","kennethwilliams@gmail.com","pbkdf2:sha256:260000$YJM5MYJdFKT91Swh$eb7fac63ec85be4616fc8f3abe71ffdfd3f961c8437834554b85bf3e9ffe5154","Donald","Thompson","4943.160823833139"
"98","shawnharris@gmail.com","pbkdf2:sha256:260000$ps8RLVZ5ntaoagFd$859f5cf2fb65c7be790704ffe8e335ecbc6d2b59eac96c6a467cb1b6315ac775","Bryan","Scott","913.7246834456691"
"99","danieltucker@hotmail.com","pbkdf2:sha256:260000$VO3hIQeFaFVGYWR5$7c6860b79539e19085a23958dcef206ad4828e0d1c5f36c5a0276068ce52e7b0","Jessica","Miller","6549.705601331948"
"100","timosborne@hotmail.com","pbkdf2:sha256:260000$5vcRfkZTzQOSLq80$21b4bc8c821ee1d60eb4b173349ea248aa17e42350222c31084e6bbe3500e84b","Samantha","Taylor","5749.681326349134"
"101","brian98@hotmail.com","pbkdf2:sha256:260000$oWPMgSrmXRUvmYaa$946e034a7068954e7179f6c84ce5dce62581e041613cd5f2c3c63d6056df2861","Samantha","Washington","1968.6469788691707"
"102","williamsmichelle@yahoo.com","pbkdf2:sha256:260000$Woc1RXHsUxjnGykV$0861cc3b022ded552f7212e6e6a9b0dad3d6cdeb4d6312383d9e5b77d9c81759","Heather","Wright","7509.17703085902"
"103","amber45@gmail.com","pbkdf2:sha256:260000$rFCgCU2kiI1tyE1k$01428a0f970786781b7e23efca34072df204f8fd3f21b16685a31747d377d4a3","Kimberly","Gardner","5992.664067120954"
"104","clarkmichael@hotmail.com","pbkdf2:sha256:260000$6DPH3YjGVxbL6oKo$03cdb5afb7a218044156bf83b5a7f262a54f77aad8f7360ab5bf51b4f21ec724","Kevin","Holloway","3772.6493143386465"
"105","clarkcameron@yahoo.com","pbkdf2:sha256:260000$Xy1IBqYPZ2pIt1ig$71337129429528313329338bc13b4d00e615d802b57511030153b32271cc23e5","Kara","Edwards","3835.5382537114447"
"106","shelleybird@hotmail.com","pbkdf2:sha256:260000$bP2r3yFaqbF4PuWW$31a9fccef64d2a2bd239fda698957524c7f6364a13de9737433ef268470265fb","Scott","Martinez","320.7131874383462"
"107","dickersonvanessa@gmail.com","pbkdf2:sha256:260000$mzh9kPCt0uxTIozz$aa1f72aa78cdb6f5b9a5f64da6bb865eba9108d2770b0d2fb0b4cbe6c98610bb","Stephanie","Montgomery","9878.29841123409"
"108","rbuchanan@yahoo.com","pbkdf2:sha256:260000$N2VGitxat0GRO2Ct$21e66a2b30e28248da35f584a14c9484ad54ee372e59ca8a5a676616c38c8298","James","Gray","6982.074915785569"
"109","kurtellis@yahoo.com","pbkdf2:sha256:260000$OKIObS5sv79IgXZP$f343077b963ef7d143c86546f1426eed693b85ce0fd6b2d86c3b07f9193af3bc","Andrew","Mcdonald","707.9869678103656"
"110","thomasjames@hotmail.com","pbkdf2:sha256:260000$btMhLtrWITsesJsY$549a0a570bdd68e64ad00e93714a3372ce0353b6238de14c15c3a4758919345a","Chelsea","Potter","884.0826954263925"
"111","vdavis@gmail.com","pbkdf2:sha256:260000$hwTJbvqqp5WJTyp7$d5e2c7c191203aa9eca3fce21f6451b144dcf2fad691acccc28d03fd3314d13b","Vanessa","Wright","8584.667859065627"
"112","toddgonzalez@gmail.com","pbkdf2:sha256:260000$sNndt8LWemFoPE6x$27b8bb44076d682f9bfdfbe453643ff15a8c9c05b0cd08230a5919cfb60c47b9","Jeffrey","Robles","9762.82341357578"
"113","jcarter@hotmail.com","pbkdf2:sha256:260000$pncNPHUF2B2PbzIw$6617944ef7a83ab283540464a6997b3cf36c3683e73eaeb151d2bae39533b20b","William","Delacruz","7310.4804039440905"
"114","theresa27@hotmail.com","pbkdf2:sha256:260000$2tOpsql11naHG5Dv$ce9699e9ce61b631a9966606b06c02370f46b9cdd2b08b1b74444ee7dcb82aeb","Nathan","Perez","5536.434407584429"
"115","sstanley@hotmail.com","pbkdf2:sha256:260000$VutvrB2pbETcFUrr$607e010fa744236e03b2b83b5c183e5ca4dd93954353e96d4cd747cbfebe5b09","Krista","Allen","5691.472745014078"
"116","howardgregory@yahoo.com","pbkdf2:sha256:260000$OxgK6B7p2ulaAFuH$628e9f15108fb37f1d4e653fdb61b2127782d33da5a482a89f41fa40a42582c5","Holly","Jones","5820.19918177229"
"117","kylesutton@hotmail.com","pbkdf2:sha256:260000$jLyzXhsDqytBoXp7$3c6f52f24b19fcadedc503b8e1faf6dc77a2222b0954fa6c11472b646ece5147","Brandon","Smith","1313.8635384648067"
"118","heatherjennings@gmail.com","pbkdf2:sha256:260000$MN1tMKsC2FxUl84u$5c43514ea6d5b96830effad31de0453f98c2c8a1081c2344c06a2c01acee9918","Michael","Murray","6266.800201355797"
"119","amber59@gmail.com","pbkdf2:sha256:260000$pQSbbNShOp1e5yNW$2191037d3d5b5c28ded2d397c7a6c2dfef2a915b7fd9a31b23c77543670c9049","Janet","Tran","7414.551926169774"
"120","wheelersherry@gmail.com","pbkdf2:sha256:260000$rJc66mO3lHoFQ1k5$d8e5563ab7ce828904ae97c3a22fccf2c1d37f8c2f8d97c775d7fbfa571b7b60","Dr.","Bailey","8770.00886089999"
"121","torresjoseph@yahoo.com","pbkdf2:sha256:260000$bCpU545nN7j2TDpn$e5a3ebac00aa1ef1b623d0036051b6a8c5bdf0d132be9da5ebcd2e83db50de86","Mary","Simmons","3507.202218623503"
"122","phicks@yahoo.com","pbkdf2:sha256:260000$VWIBmBIDAzJNOYat$6e296c081825665ac6cdd50427aa03d27838c1701a92c4f8c2d703a0230c845f","James","Martinez","9824.519659076743"
"123","rwebb@gmail.com","pbkdf2:sha256:260000$1h1hxnedjDBaxJIC$1787dbb84a124520f1d6124e795b780e8d6c1d28c80012645d13ab1a8329a95a","Patricia","Wright","2716.5707194804245"
"124","jaclyn81@hotmail.com","pbkdf2:sha256:260000$h4oup3YVkyxxxpzn$50c487180a90a5505c796438500f333ef78146f1816f25bc3a954044137251ac","Jamie","Harris","1178.1566940651144"
"125","fclark@gmail.com","pbkdf2:sha256:260000$v7YLFwALCKDfYvwt$e2648cc1e138f7487291eab67a33375b3140b388e19aa50f188acab968f1b474","James","Stark","8248.294383749992"
"126","qjoseph@gmail.com","pbkdf2:sha256:260000$VOxAEymzieSdbnem$5630bbba782e07018436a1bb378194588558b732849f616b8f5bc5bdcca1c0f4","Barry","Rose","1167.1080053270089"
"127","christopher02@gmail.com","pbkdf2:sha256:260000$OC0cucvULcxSlXKR$0c799197292195b96181289800f8e0726d34c9da19ed5d8dcd5d7a07e5c50d53","Nathaniel","White","614.9334170397048"
"128","robert93@yahoo.com","pbkdf2:sha256:260000$vlJsOSjNnbQ1SsiV$ffabd90f2fd2130bb3bcf0682a9bdd305a52d0dfe138ce276cddbbdf700b4941","Phillip","Vasquez","1852.3144435783502"
"129","jmoore@hotmail.com","pbkdf2:sha256:260000$XvkfADdIifnoqfAj$1a54375ffd0255b1dfb2e074a82d1602db212dc7b3075151a65917ae45940117","Kenneth","Patrick","4798.937679807808"
"130","sherri51@yahoo.com","pbkdf2:sha256:260000$V6iUWa8fFXPodKNR$d5cb3a470dcf3006997b1a72f54e483ddbfaad445b8f6236ec72c14f582df126","Cassandra","Smith","5026.740042624251"
"131","beckyglenn@yahoo.com","pbkdf2:sha256:260000$dpuLtV2OYmgYbrWD$8694e80e77f9b6b8cd55159c4eeddd631c797c6af85896f432eecefb022055af","Nathan","Bond","5779.676218465208"
"132","omargarcia@yahoo.com","pbkdf2:sha256:260000$C1un23XrLEsL0stn$ea67be78a32635040bc4cb6351fc23f57e4f8fcbfbd1ea5c0ada648e29490868","Courtney","Jones","6592.274814008283"
"133","smithjacqueline@yahoo.com","pbkdf2:sha256:260000$306YMbFjTCkqBilP$dfbeab46c8f668befa350b86f70ba501ea7f538461d158a2931ba43decbff7bf","Emily","Miller","508.0962295542202"
"134","pwright@yahoo.com","pbkdf2:sha256:260000$Q2hgsRGW7kktxyMk$13de6a113b8da23993f75485fa2bd73353d01df876cc511c00e72fb8e29b1e65","Brandon","Thomas","9246.373586413387"
"135","julie32@gmail.com","pbkdf2:sha256:260000$ctu49PKEOqgivaMG$cc716254b95778f3830a2652b1e76aadff46193c3ff03e564a875549c2c7eb15","Tyler","Howard","8455.10726647097"
"136","moorerichard@gmail.com","pbkdf2:sha256:260000$FF9wyOy3ULVjjq0b$5639bae89ca98eaa681933f4ce7bd00ed860a700c43c942fba0822c195614677","Shirley","Peterson","2841.8761653066404"
"137","qsimpson@yahoo.com","pbkdf2:sha256:260000$DvUIUZZuNgeqYGi8$64d1aee5d800b107abe5dfe08984ae9f4df1c53e54a13f0ed8addfb95f2249f1","Henry","Smith","4161.9361004107905"
"138","justinhorn@yahoo.com","pbkdf2:sha256:260000$tpdxNlKAaNA5K5OM$423051aa4ae62a423557014d6d12e2ca75a723dd7afb2b472d7172ea3dc26515","Richard","Chan","1591.5572207716355"
"139","falexander@yahoo.com","pbkdf2:sha256:260000$4K6h5YDcqpxM5KVD$e51cde2e10f422ccf92e6a8c749a4bed3ce581f3166193bf8ba2f7f567c9304d","Kaitlyn","Jones","5829.350988847543"
"140","hdavis@hotmail.com","pbkdf2:sha256:260000$YTLlk1o5M7ldHued$031a364671ecdecac6a7e4eb9ef02020a5df4198316568d3334f8bce5a344d6a","James","Yu","7127.084166565495"
"141","browndawn@yahoo.com","pbkdf2:sha256:260000$tgcxhuHctmJ833CC$2b05c33156e19bae68a386e865035ab69a34453d1280fb73ede5684df2ab9beb","Courtney","Curtis","3664.444884341561"
"142","lwilson@gmail.com","pbkdf2:sha256:260000$BEcyjtzWBbf1mPzZ$208cc290c1c4281a9af761217674ca2803ca1f1a6c27a69bf3e1efe2bbc06efe","Cheryl","Jones","6570.468242633096"
"143","rachael67@gmail.com","pbkdf2:sha256:260000$mU0HgcL2A7hOcnxs$0f89df53aa7c15aa2a09a3ea816762bb8eb14e3481135702221abf90ec2161c6","Carla","Smith","3086.2041797352244"
"144","jamesmcbride@gmail.com","pbkdf2:sha256:260000$wLxg5qA0y4pUAL5k$d39cd05dd10c1f240d499dcd9f9a48e09c75a81f3d539bdc8f77be12961c7f72","Sarah","Keller","2133.061204492147"
"145","fgraham@hotmail.com","pbkdf2:sha256:260000$JvqSolv0dWkeitbh$1b16369855917e438fe61a6666bce9138cf88624ebceff8436b18b3b104ea201","Willie","Owens","6150.407687275406"
"146","ethan15@hotmail.com","pbkdf2:sha256:260000$ZVsc69UJyS3p0gNx$dacd0b078e7008f0a4adfed5c3a62228a29260edca25db65db4a800be9c6bc1c","Luke","Romero","4935.238332710975"
"147","harveyrhonda@hotmail.com","pbkdf2:sha256:260000$20rHTX0bgW6KCcG7$1275b5bceb437a81c7f1eb076132379f32c2d9cd5d5cebf8e20827d23407a7ac","Jessica","Chang","6381.977943885836"
"148","johnvalencia@yahoo.com","pbkdf2:sha256:260000$gzUuQdFla0OwWvOI$05d7553bde2bdd6dd29316310b02aa494261fcb7863aa80930bd13e71eabf31f","James","Patterson","6657.382590016691"
"149","daniel36@hotmail.com","pbkdf2:sha256:260000$qinSCPglFylnhXL1$04526f66108cc8b42111aa36315b2f09ae97a4a4576d7bb041afdf791bc19e8d","Jeremy","Johnson","2042.3625544075253"
"150","hollandpatricia@hotmail.com","pbkdf2:sha256:260000$g12WnpCN7I9zxlL0$f38f9c6faf349f1d86b42f8c26dd5870368383ec88aaf5f0837130e24bcf6fa9","Cynthia","Kennedy","3471.567239803327"
"151","wrightrobert@hotmail.com","pbkdf2:sha256:260000$5ZB8XIg71ousVdW3$be1a026a9e182f6b52449289603d555e9fe835425b22a5e30aac20e95ff5acb9","Bobby","Berry","2915.858581465005"
"152","lisawilson@gmail.com","pbkdf2:sha256:260000$yisPyM0y8rlbCRLF$bd1bde6902f7ca850b4d3381fb33cf12ca596465f0a142558976ca0e2bfe54a3","Logan","Clarke","3313.255515689324"
"153","sandracallahan@yahoo.com","pbkdf2:sha256:260000$TpzZT0v9wfj1Jr4c$863d5e1cff9e52e500ae4f105fe3e4e6e9fa110407f6a3d0c910d2e1be162260","Jonathon","Bell","1093.0509418701906"
"154","robert10@gmail.com","pbkdf2:sha256:260000$6Jtg64R6nLzPtOfF$4a7b434b2e0550ddb5cf28da487e2d82170d0519f0b6ee87b64b3e200a70620d","Frank","Manning","2686.7906430564303"
"155","ywang@hotmail.com","pbkdf2:sha256:260000$SfVNQ7GrqPonLnSx$5b55f38509d1a17859513e0926010c68aeac5d5bd952dbe9c91e03a6a934addd","Mason","Allen","1636.859045120619"
"156","jennifer49@hotmail.com","pbkdf2:sha256:260000$ubQmUHZWm5IFIE69$ea181e3d8e32d8ee938a0b70b17e2cd42e4cf35465e57a35c19b85ae36a65fe6","Beverly","Johns","5824.938400392278"
"157","jessica21@gmail.com","pbkdf2:sha256:260000$8ac52IQWaB7gPSb9$5758c88aa1fdf51ac1ec12c3fb0c47987af2a6738c88c930b6f8a99f50b9a77d","Dr.","Shepard","6780.562377698437"
"158","williamsnicholas@hotmail.com","pbkdf2:sha256:260000$rDXMzr8OWE2eiJPg$24f074a410a89c257233217b32d9b069f89ad95a2a7eea5d34b207401383d685","Pamela","Estrada","7815.461983483524"
"159","jdavis@hotmail.com","pbkdf2:sha256:260000$2lY0xddd0Ttjtd0q$bbc2043a897fef0a148039325492a7c638dd69ef9035f70ae1eab07022812012","Abigail","MD","550.1902997283125"
"160","igibson@gmail.com","pbkdf2:sha256:260000$LjSTtLKbKqYhDK0F$078690a4b47b8d01c28313bae956f3317f08681d52149966b5e2cd47895af4f9","David","Smith","9355.547855044068"
"161","jessica69@yahoo.com","pbkdf2:sha256:260000$gIMW3Yl7mDcVxNfC$b44555c83e595113d7c779bb2db93dfaf7ee7b88bd3f961feda543e827db289c","Kevin","Jordan","8178.22285413281"
"162","randy95@hotmail.com","pbkdf2:sha256:260000$Puf9oMRBgpjwSfid$50adace9e43a401d559a4668411c338b496614f8918f5d0df26ac3d58532a3d0","Yolanda","Thompson","649.3735863147265"
"163","ryan31@yahoo.com","pbkdf2:sha256:260000$FkYORLpQX30R0MM8$f8f52e52e296424506c5d0124ff3d6efccb29ac33887f84fd330d0f1e2b440b6","Joanna","Bauer","2002.5924875041635"
"164","aberg@hotmail.com","pbkdf2:sha256:260000$cu4XQDo3B2BZsan1$b6d31cbd4c0182b4d3c57973e0b898b7cc19d2144393dc249915a813d0c998e8","Richard","Harmon","4763.93037956624"
"165","edwardsrichard@yahoo.com","pbkdf2:sha256:260000$swaAmrgYgdiEy5Q5$f21a9a1afd00a54eb104ac79af7232ff9a3a03beecbe0e040d19e6ced0cd7cfd","Michael","Brown","521.1072910217318"
"166","carlsonnicholas@hotmail.com","pbkdf2:sha256:260000$o6vNL7elSdpmqvP7$a3dcc09984d743e572b66d876b1d6745493e022433201769cf75e0472bca99ec","Dean","Bowen","1140.744614126491"
"167","nhanson@yahoo.com","pbkdf2:sha256:260000$fkevXTE85uFJJNcA$9f60294683af3ebb7a0eedabee642bdf8dca63d84be4262589dad044fdde77d3","Eric","Williamson","4154.412827076417"
"168","marcusmendoza@hotmail.com","pbkdf2:sha256:260000$IYfjulIltjYaEFMv$330073d4fcbb1feca3f01dc4ebec003996e5866ae0ccf8f61bf4e5e5a67c46ef","Tammy","Nelson","9387.343717855945"
"169","brenda29@gmail.com","pbkdf2:sha256:260000$SZwk0LXLfudxjVao$2e35e39de33766fd4b29f96e53f793828c0a14b59d9569c3f4f600c6ac0d17ce","Kimberly","Bryant","6749.136984386627"
"170","bowmanashley@gmail.com","pbkdf2:sha256:260000$4npucSify4Dr53l2$b186a97104df2695fed4c03fbce86aaaef3f52a0bad64fc96fd5cf5f7c65d562","Sarah","Garrett","8586.1706233977"
"171","derrick53@yahoo.com","pbkdf2:sha256:260000$QCct0SEJd2p8L5KF$eea8e238d483810c04b336c8c5f3be14f9c022ceb481ceaa9b9733cf192451d0","Kyle","Johnson","2040.5729744966939"
"172","jennifer70@gmail.com","pbkdf2:sha256:260000$gUIoebgDdNksHgua$74cc6d41674b73e2f783ee8e080959f6d115fa630af397c61ccbbf4bab6e51e8","Amanda","Bryant","2854.99403562931"
"173","boothsandra@yahoo.com","pbkdf2:sha256:260000$4NsYFJnRKZNn0Cfh$f7810625c2e87883e91e24ce1151e24067820631ebedc63e6f7e5fe0cad8a53b","Amy","Diaz","1101.1174887691811"
"174","fcarey@gmail.com","pbkdf2:sha256:260000$Vq9EUhu3tqEYM31B$ff78e5d5b5313f81951e5aef03acef994ca5e15ca96fa16ca85b4d5f23359823","James","Alexander","9307.926272025641"
"175","lisaburch@hotmail.com","pbkdf2:sha256:260000$VjJjE4GUVwziGo8R$e3958e6e33aba82c4d86d77e20468b5003937f69c37e319f504a761eac8c8f47","Misty","Dean","4082.690806918733"
"176","garyfowler@gmail.com","pbkdf2:sha256:260000$tpn0585nkmuIVqHf$a214391d4dc495d7396c49255810f49e1974ed86c75e313b1a6a1e40349e3cfb","Daniel","Weaver","5468.891306532068"
"177","pruiz@yahoo.com","pbkdf2:sha256:260000$jxwseKudVVBZSFAe$7863397a466097dc8344b6b366662a864c237e3e7b7c8279296ef35ba6cee98e","George","Ferrell","8217.331260879613"
"178","elizabethpage@gmail.com","pbkdf2:sha256:260000$bJ6h9UdVVdelIdnT$863e5aa6725d861550c30208862215c4667612529d5a4db08abbc0ca5e487f06","James","Wilson","8772.326430355844"
"179","debrakemp@hotmail.com","pbkdf2:sha256:260000$RwQejZ2qwAgFh5Ra$bfc14fdaecb2d876d08d413542035d8b9098def8916a37beb24f1706bb00ec15","Diana","Silva","8179.312907817696"
"180","ysims@gmail.com","pbkdf2:sha256:260000$kof6Y6P3jGRMnYFi$f6309949ae4f47d167d0c81ed37806bc52622086021cf9678ff9abf8544836b4","Samantha","Garcia","1853.2338205641186"
"181","larsenamanda@gmail.com","pbkdf2:sha256:260000$lA8e4IzIiwVAx66p$70fe9a1b76b77d21052a29015bbdf506b8b994579a735f566e44beef26aa92b8","Brenda","Carrillo","7211.186012601136"
"182","michaelkemp@hotmail.com","pbkdf2:sha256:260000$fnnaMvPZyBfMzAy2$c6d94b55986744851853be6b7a2d5a274c3be926b79fe90727c591c0a1c3ba5e","Jessica","Trevino","8805.00111260613"
"183","williamsnicholas@gmail.com","pbkdf2:sha256:260000$Exp5CkUeWvzKVbSO$0dc2619cba0e1623d1e0c84efc33a858f2ed27302405db3e7a671d1599890f79","Robin","Fletcher","1079.1345811964982"
"184","jasmine05@yahoo.com","pbkdf2:sha256:260000$qkAJB6q8d9pSXCyM$e7d9cb610a4e28a5ebf3ae6c96aff1eab58ce9f980f20d8153081dc30ae8a76a","Phyllis","Yu","7910.8183956093335"
"185","stephanie10@yahoo.com","pbkdf2:sha256:260000$P4DNL6oZGsYJG6m3$e7d00a8934ff63ff87fb13e6b45e58d6a35fd34ee753e13ebf9b2a896cf90d1e","Alicia","Robinson","5081.191812363964"
"186","ptaylor@gmail.com","pbkdf2:sha256:260000$cg4bbwYM1nh1uhzZ$3d52311db8887df08ae12000b28fbe7f239a7e9f3a9feb75b527b701e57234de","Rachael","Marsh","1025.561549004268"
"187","kimberly74@gmail.com","pbkdf2:sha256:260000$GXuCVKTtOdPUKsfs$8ca4d413dcea533b97abe7c4334a8576454e522c49ea0ceff9c784fc7e023b0e","Jason","Schwartz","8165.777205514647"
"188","bradmurphy@hotmail.com","pbkdf2:sha256:260000$8N5KtZiiOtAqy9SI$a70f262455d1baf1ed10671da916eac60f70079eb6741fd504ad1904961ac4b5","Robert","Knight","7703.771577189621"
"189","ericmontgomery@hotmail.com","pbkdf2:sha256:260000$bww9gKAz018j3ClP$34ef8d2af05f93075236116a816ce9131e58cde95d3c387f455ce67ab2265cbc","Jennifer","Patton","3547.5164470374575"
"190","danielpowers@gmail.com","pbkdf2:sha256:260000$KvYsGNAWOgCXN25I$f9ec867af2d7c25bf61a7f021d093327b36a4d800cbec7e59137f37b827dd905","David","Combs","5232.377975875442"
"191","julie89@hotmail.com","pbkdf2:sha256:260000$GEMPyAbGzk4FmiYy$5e0733509d5ee238118390da5c2a2b82547f957d700496f3af6c18b74d39f34c","Sabrina","Lawrence","1638.328278823181"
"192","lori98@yahoo.com","pbkdf2:sha256:260000$nGMVFHi8NYCv85pu$93dcccae2175ccd275275d727499ff6bd23db889995bb5aeb6ba3264a10caeef","Nicholas","Thomas","5885.147773601854"
"193","bradleyward@hotmail.com","pbkdf2:sha256:260000$FiPNDveWASi8Kjqj$9382b200961539bc142e510cd3cc7ac4ecef126c3fdf9dbb1e5367c0babe5321","Ruben","Burke","2647.931934889061"
"194","garciakevin@gmail.com","pbkdf2:sha256:260000$oqxeOz0OLqpCUuL6$dbfd15282a5cad46de2bd7168bfc92b0861a6a98d6bf6f715335e04fe638290a","Jeffrey","Peterson","8797.5932545238"
"195","ryan22@gmail.com","pbkdf2:sha256:260000$ZBdqPBgIwybusmW2$cccb7b43fd33ac459202c537aeca421ed5ed9c106e91a454acdb2bb17ce4ce6b","Alan","Oconnor","412.96099854955304"
"196","owright@hotmail.com","pbkdf2:sha256:260000$aI2W1iV5Vf0fDFQd$66f7b6ba64bc96188a7fe7f0d45eace94c2a9dd515ccaa57ee5d2c821e2ec2be","Joshua","Sanchez","9990.411472815234"
"197","michaelanderson@yahoo.com","pbkdf2:sha256:260000$LFksa1izP2j5iD4n$56cb2f265b3792c780a1a6266f918d09137e287274b26a9504cab145bf624bc3","Kevin","Howell","7866.9298286740095"
"198","petersennichole@hotmail.com","pbkdf2:sha256:260000$Lag4Uo4UjzMTOIbs$e3d20ed9c22c58eb02bb0df810ff3ea1aa751f3fe2c8ec57dfdee1ea6345b916","Anna","Pruitt","8510.450618308929"
"199","margaret14@yahoo.com","pbkdf2:sha256:260000$aKYyCG3ONoqC8iZp$f57efb487ab8a91f7b206d5254f1e07ff7b2a773e94b4addde11c70a752fe6bd","James","Erickson","2134.868737177875"
